/*==============================================================*/
/* Ville (x100)                                                 */
/*==============================================================*/


INSERT INTO `greenwish`.`ville` (`VILLE`, `CODE_POSTAL`) VALUES ('MAROLLES SOUS LIGNIERES','10130');
INSERT INTO `greenwish`.`ville` (`VILLE`, `CODE_POSTAL`) VALUES ('LES GRANDES CHAPELLES','10170');
INSERT INTO `greenwish`.`ville` (`VILLE`, `CODE_POSTAL`) VALUES ('MERREY SUR ARCE','10110');
INSERT INTO `greenwish`.`ville` (`VILLE`, `CODE_POSTAL`) VALUES ('JUVANCOURT','10310');
INSERT INTO `greenwish`.`ville` (`VILLE`, `CODE_POSTAL`) VALUES ('LAUBRESSEL','10270');
INSERT INTO `greenwish`.`ville` (`VILLE`, `CODE_POSTAL`) VALUES ('ISLE AUMONT','10800');
INSERT INTO `greenwish`.`ville` (`VILLE`, `CODE_POSTAL`) VALUES ('LIGNIERES','10130');
INSERT INTO `greenwish`.`ville` (`VILLE`, `CODE_POSTAL`) VALUES ('MERGEY','10600');
INSERT INTO `greenwish`.`ville` (`VILLE`, `CODE_POSTAL`) VALUES ('MACHY','10320');
INSERT INTO `greenwish`.`ville` (`VILLE`, `CODE_POSTAL`) VALUES ('CRUSCADES','11200');
INSERT INTO `greenwish`.`ville` (`VILLE`, `CODE_POSTAL`) VALUES ('CUBIERES SUR CINOBLE','11190');
INSERT INTO `greenwish`.`ville` (`VILLE`, `CODE_POSTAL`) VALUES ('CUCUGNAN','11350');
INSERT INTO `greenwish`.`ville` (`VILLE`, `CODE_POSTAL`) VALUES ('DONAZAC','11240');
INSERT INTO `greenwish`.`ville` (`VILLE`, `CODE_POSTAL`) VALUES ('FAJAC EN VAL','11220');
INSERT INTO `greenwish`.`ville` (`VILLE`, `CODE_POSTAL`) VALUES ('FESTES ET ST ANDRE','11300');
INSERT INTO `greenwish`.`ville` (`VILLE`, `CODE_POSTAL`) VALUES ('FONTANES DE SAULT','11140');
INSERT INTO `greenwish`.`ville` (`VILLE`, `CODE_POSTAL`) VALUES ('FONTCOUVERTE','11700');
INSERT INTO `greenwish`.`ville` (`VILLE`, `CODE_POSTAL`) VALUES ('FONTJONCOUSE','11360');
INSERT INTO `greenwish`.`ville` (`VILLE`, `CODE_POSTAL`) VALUES ('GALINAGUES','11140');
INSERT INTO `greenwish`.`ville` (`VILLE`, `CODE_POSTAL`) VALUES ('GENERVILLE','11270');
INSERT INTO `greenwish`.`ville` (`VILLE`, `CODE_POSTAL`) VALUES ('GINESTAS','11120');
INSERT INTO `greenwish`.`ville` (`VILLE`, `CODE_POSTAL`) VALUES ('GREFFEIL','11250');
INSERT INTO `greenwish`.`ville` (`VILLE`, `CODE_POSTAL`) VALUES ('GRUISSAN','11430');
INSERT INTO `greenwish`.`ville` (`VILLE`, `CODE_POSTAL`) VALUES ('HOMPS','11200');
INSERT INTO `greenwish`.`ville` (`VILLE`, `CODE_POSTAL`) VALUES ('ISSEL','11400');
INSERT INTO `greenwish`.`ville` (`VILLE`, `CODE_POSTAL`) VALUES ('JOUCOU','11140');
INSERT INTO `greenwish`.`ville` (`VILLE`, `CODE_POSTAL`) VALUES ('LABASTIDE ESPARBAIRENQUE','11380');
INSERT INTO `greenwish`.`ville` (`VILLE`, `CODE_POSTAL`) VALUES ('LACOMBE','11310');
INSERT INTO `greenwish`.`ville` (`VILLE`, `CODE_POSTAL`) VALUES ('LAGRASSE','11220');
INSERT INTO `greenwish`.`ville` (`VILLE`, `CODE_POSTAL`) VALUES ('LAPRADE','11390');
INSERT INTO `greenwish`.`ville` (`VILLE`, `CODE_POSTAL`) VALUES ('LA REDORTE','11700');
INSERT INTO `greenwish`.`ville` (`VILLE`, `CODE_POSTAL`) VALUES ('LASBORDES','11400');
INSERT INTO `greenwish`.`ville` (`VILLE`, `CODE_POSTAL`) VALUES ('LAURAC','11270');
INSERT INTO `greenwish`.`ville` (`VILLE`, `CODE_POSTAL`) VALUES ('LEUCATE','11370');
INSERT INTO `greenwish`.`ville` (`VILLE`, `CODE_POSTAL`) VALUES ('LEUCATE - PORT LEUCATE','11370');
INSERT INTO `greenwish`.`ville` (`VILLE`, `CODE_POSTAL`) VALUES ('MAILHAC','11120');
INSERT INTO `greenwish`.`ville` (`VILLE`, `CODE_POSTAL`) VALUES ('MAYREVILLE','11420');
INSERT INTO `greenwish`.`ville` (`VILLE`, `CODE_POSTAL`) VALUES ('MERIAL','11140');
INSERT INTO `greenwish`.`ville` (`VILLE`, `CODE_POSTAL`) VALUES ('MONTBRUN DES CORBIERES','11700');
INSERT INTO `greenwish`.`ville` (`VILLE`, `CODE_POSTAL`) VALUES ('MONTCLAR','11250');
INSERT INTO `greenwish`.`ville` (`VILLE`, `CODE_POSTAL`) VALUES ('MONTGRADAIL','11240');
INSERT INTO `greenwish`.`ville` (`VILLE`, `CODE_POSTAL`) VALUES ('MONTHAUT','11240');
INSERT INTO `greenwish`.`ville` (`VILLE`, `CODE_POSTAL`) VALUES ('MONTLAUR','11220');
INSERT INTO `greenwish`.`ville` (`VILLE`, `CODE_POSTAL`) VALUES ('MONTREDON DES CORBIERES','11100');
INSERT INTO `greenwish`.`ville` (`VILLE`, `CODE_POSTAL`) VALUES ('MOUTHOUMET','11330');
INSERT INTO `greenwish`.`ville` (`VILLE`, `CODE_POSTAL`) VALUES ('NEVIAN','11200');
INSERT INTO `greenwish`.`ville` (`VILLE`, `CODE_POSTAL`) VALUES ('PADERN','11350');
INSERT INTO `greenwish`.`ville` (`VILLE`, `CODE_POSTAL`) VALUES ('PENNAUTIER','11610');
INSERT INTO `greenwish`.`ville` (`VILLE`, `CODE_POSTAL`) VALUES ('PEYREFITTE SUR L HERS','11420');
INSERT INTO `greenwish`.`ville` (`VILLE`, `CODE_POSTAL`) VALUES ('PEYRIAC DE MER','11440');
INSERT INTO `greenwish`.`ville` (`VILLE`, `CODE_POSTAL`) VALUES ('PEZENS','11170');
INSERT INTO `greenwish`.`ville` (`VILLE`, `CODE_POSTAL`) VALUES ('POMAS','11250');
INSERT INTO `greenwish`.`ville` (`VILLE`, `CODE_POSTAL`) VALUES ('PRADELLES CABARDES','11380');
INSERT INTO `greenwish`.`ville` (`VILLE`, `CODE_POSTAL`) VALUES ('PRADELLES EN VAL','11220');
INSERT INTO `greenwish`.`ville` (`VILLE`, `CODE_POSTAL`) VALUES ('PREIXAN','11250');
INSERT INTO `greenwish`.`ville` (`VILLE`, `CODE_POSTAL`) VALUES ('PUILAURENS - LAPRADELLE','11140');
INSERT INTO `greenwish`.`ville` (`VILLE`, `CODE_POSTAL`) VALUES ('QUILLAN - BRENAC','11500');
INSERT INTO `greenwish`.`ville` (`VILLE`, `CODE_POSTAL`) VALUES ('RIEUX EN VAL','11220');
INSERT INTO `greenwish`.`ville` (`VILLE`, `CODE_POSTAL`) VALUES ('ROQUECOURBE MINERVOIS','11700');
INSERT INTO `greenwish`.`ville` (`VILLE`, `CODE_POSTAL`) VALUES ('ROQUEFEUIL','11340');
INSERT INTO `greenwish`.`ville` (`VILLE`, `CODE_POSTAL`) VALUES ('ROQUEFORT DE SAULT','11140');
INSERT INTO `greenwish`.`ville` (`VILLE`, `CODE_POSTAL`) VALUES ('STE COLOMBE SUR GUETTE','11140');
INSERT INTO `greenwish`.`ville` (`VILLE`, `CODE_POSTAL`) VALUES ('ST COUAT DU RAZES','11300');
INSERT INTO `greenwish`.`ville` (`VILLE`, `CODE_POSTAL`) VALUES ('ST LAURENT DE LA CABRERISSE','11220');
INSERT INTO `greenwish`.`ville` (`VILLE`, `CODE_POSTAL`) VALUES ('ST PAPOUL','11400');
INSERT INTO `greenwish`.`ville` (`VILLE`, `CODE_POSTAL`) VALUES ('SAISSAC','11310');
INSERT INTO `greenwish`.`ville` (`VILLE`, `CODE_POSTAL`) VALUES ('SOUPEX','11320');
INSERT INTO `greenwish`.`ville` (`VILLE`, `CODE_POSTAL`) VALUES ('TREBES','11800');
INSERT INTO `greenwish`.`ville` (`VILLE`, `CODE_POSTAL`) VALUES ('TREZIERS','11230');
INSERT INTO `greenwish`.`ville` (`VILLE`, `CODE_POSTAL`) VALUES ('VILLARDEBELLE','11580');
INSERT INTO `greenwish`.`ville` (`VILLE`, `CODE_POSTAL`) VALUES ('VILLARZEL DU RAZES','11300');
INSERT INTO `greenwish`.`ville` (`VILLE`, `CODE_POSTAL`) VALUES ('VILLEMOUSTAUSSOU','11620');
INSERT INTO `greenwish`.`ville` (`VILLE`, `CODE_POSTAL`) VALUES ('VILLENEUVE LES CORBIERES','11360');
INSERT INTO `greenwish`.`ville` (`VILLE`, `CODE_POSTAL`) VALUES ('VILLENEUVE LES MONTREAL','11290');
INSERT INTO `greenwish`.`ville` (`VILLE`, `CODE_POSTAL`) VALUES ('VILLEPINTE','11150');
INSERT INTO `greenwish`.`ville` (`VILLE`, `CODE_POSTAL`) VALUES ('AGUESSAC','12520');
INSERT INTO `greenwish`.`ville` (`VILLE`, `CODE_POSTAL`) VALUES ('BALAGUIER D OLT','12260');
INSERT INTO `greenwish`.`ville` (`VILLE`, `CODE_POSTAL`) VALUES ('LA BASTIDE SOLAGES','12550');
INSERT INTO `greenwish`.`ville` (`VILLE`, `CODE_POSTAL`) VALUES ('BELMONT SUR RANCE','12370');
INSERT INTO `greenwish`.`ville` (`VILLE`, `CODE_POSTAL`) VALUES ('BOR ET BAR','12270');
INSERT INTO `greenwish`.`ville` (`VILLE`, `CODE_POSTAL`) VALUES ('BROMMAT','12600');
INSERT INTO `greenwish`.`ville` (`VILLE`, `CODE_POSTAL`) VALUES ('BROQUIES','12480');
INSERT INTO `greenwish`.`ville` (`VILLE`, `CODE_POSTAL`) VALUES ('CALMONT - CEIGNAC','12450');
INSERT INTO `greenwish`.`ville` (`VILLE`, `CODE_POSTAL`) VALUES ('LA CAPELLE BALAGUIER','12260');
INSERT INTO `greenwish`.`ville` (`VILLE`, `CODE_POSTAL`) VALUES ('LE CLAPIER','12540');
INSERT INTO `greenwish`.`ville` (`VILLE`, `CODE_POSTAL`) VALUES ('COMPS LA GRAND VILLE','12120');
INSERT INTO `greenwish`.`ville` (`VILLE`, `CODE_POSTAL`) VALUES ('CONQUES EN ROUERGUE - NOAILHAC','12320');
INSERT INTO `greenwish`.`ville` (`VILLE`, `CODE_POSTAL`) VALUES ('CONQUES EN ROUERGUE - ST CYPRIEN SUR DOURDOU','12320');
INSERT INTO `greenwish`.`ville` (`VILLE`, `CODE_POSTAL`) VALUES ('CREISSELS','12100');
INSERT INTO `greenwish`.`ville` (`VILLE`, `CODE_POSTAL`) VALUES ('ENTRAYGUES SUR TRUYERE','12140');
INSERT INTO `greenwish`.`ville` (`VILLE`, `CODE_POSTAL`) VALUES ('FAYET','12360');
INSERT INTO `greenwish`.`ville` (`VILLE`, `CODE_POSTAL`) VALUES ('FIRMI','12300');
INSERT INTO `greenwish`.`ville` (`VILLE`, `CODE_POSTAL`) VALUES ('GALGAN','12220');
INSERT INTO `greenwish`.`ville` (`VILLE`, `CODE_POSTAL`) VALUES ('GISSAC','12360');
INSERT INTO `greenwish`.`ville` (`VILLE`, `CODE_POSTAL`) VALUES ('GOLINHAC','12140');
INSERT INTO `greenwish`.`ville` (`VILLE`, `CODE_POSTAL`) VALUES ('LEDERGUES','12170');
INSERT INTO `greenwish`.`ville` (`VILLE`, `CODE_POSTAL`) VALUES ('LESTRADE ET THOUELS','12430');
INSERT INTO `greenwish`.`ville` (`VILLE`, `CODE_POSTAL`) VALUES ('MELJAC','12120');
INSERT INTO `greenwish`.`ville` (`VILLE`, `CODE_POSTAL`) VALUES ('MILLAU','12100');
INSERT INTO `greenwish`.`ville` (`VILLE`, `CODE_POSTAL`) VALUES ('MONTAGNOL - CENOMES','12360');



/*==============================================================*/
/* Participant                                                  */
/*==============================================================*/


INSERT INTO `greenwish`.`participant` (`IDPARTICIPANT`, `ADRESSE`, `COMMENTAIRERADIATION`,`DATEDERNIERCONTACT`, `DATENAISSANCE`, `DATERADIATION`, `IMAGE`, `MAIL`, `NOM`, `PASSWORD`, `PRENOM`, `SOLDE`, `STATUTADMIN`, `TELEPHONE`, `IDDISPO`, `IDMESSAGERIE`, `IDREGLAGE`, `IDVILLE`)
VALUES ('1', '35 rue de l''administration', null, null, '1970-01-01', null, null, 'Admin@greenwish.fr', 'Admin', 'a', 'Admin', '30', true, '0658425158', null, null, null, '68');
INSERT INTO `greenwish`.`participant` (`IDPARTICIPANT`, `ADRESSE`, `COMMENTAIRERADIATION`,`DATEDERNIERCONTACT`, `DATENAISSANCE`, `DATERADIATION`, `IMAGE`, `MAIL`, `NOM`, `PASSWORD`, `PRENOM`, `SOLDE`, `STATUTADMIN`, `TELEPHONE`, `IDDISPO`, `IDMESSAGERIE`, `IDREGLAGE`, `IDVILLE`)
VALUES ('2', '3615 Bay of Dragons', null, null, '1990-05-02', null, null, 'ImTheRealQueen@hotmail.fr', 'Targaryen', 'a', 'Daenerys', '25', false, '0102030405', null, null, null, '65');
INSERT INTO `greenwish`.`participant` (`IDPARTICIPANT`, `ADRESSE`, `COMMENTAIRERADIATION`,`DATEDERNIERCONTACT`, `DATENAISSANCE`, `DATERADIATION`, `IMAGE`, `MAIL`, `NOM`, `PASSWORD`, `PRENOM`, `SOLDE`, `STATUTADMIN`, `TELEPHONE`, `IDDISPO`, `IDMESSAGERIE`, `IDREGLAGE`, `IDVILLE`)
VALUES ('3', '1 The Wall Street', null, null, '1985-10-10', null, null, 'CantTouchThis@gmail.com', 'Snow', 'a', 'Jon', '31', false, '0785965455', null, null, null, '1');
INSERT INTO `greenwish`.`participant` (`IDPARTICIPANT`, `ADRESSE`, `COMMENTAIRERADIATION`,`DATEDERNIERCONTACT`, `DATENAISSANCE`, `DATERADIATION`, `IMAGE`, `MAIL`, `NOM`, `PASSWORD`, `PRENOM`, `SOLDE`, `STATUTADMIN`, `TELEPHONE`, `IDDISPO`, `IDMESSAGERIE`, `IDREGLAGE`, `IDVILLE`)
VALUES ('4', 'Castle of King''s Landing', null, null, '1978-06-04', null, null, 'GoldenDwarf@hotmail.com', 'Lannister', 'a', 'Tyrion', '29', false, '0895685874', null, null, null, '2');
INSERT INTO `greenwish`.`participant` (`IDPARTICIPANT`, `ADRESSE`, `COMMENTAIRERADIATION`,`DATEDERNIERCONTACT`, `DATENAISSANCE`, `DATERADIATION`, `IMAGE`, `MAIL`, `NOM`, `PASSWORD`, `PRENOM`, `SOLDE`, `STATUTADMIN`, `TELEPHONE`, `IDDISPO`, `IDMESSAGERIE`, `IDREGLAGE`, `IDVILLE`)
VALUES ('5', '21  rue Braavos', null, null, '1975-01-12', null, null, 'Varys1975@gmail.com', 'Lord', 'a', 'Varys', '15', false, '0125568845', null, null, null, '10');
INSERT INTO `greenwish`.`participant` (`IDPARTICIPANT`, `ADRESSE`, `COMMENTAIRERADIATION`,`DATEDERNIERCONTACT`, `DATENAISSANCE`, `DATERADIATION`, `IMAGE`, `MAIL`, `NOM`, `PASSWORD`, `PRENOM`, `SOLDE`, `STATUTADMIN`, `TELEPHONE`, `IDDISPO`, `IDMESSAGERIE`, `IDREGLAGE`, `IDVILLE`)
VALUES ('6', '73 rue Iron Islands', null, null, '1979-05-01', null, null, 'Stink@wanadoo.fr', 'Greyjoy', 'a', 'Theon', '19', false, '0266588745', null, null, null, '23');



/*==============================================================*/
/* Liste Proposition                                            */
/*==============================================================*/


INSERT INTO `greenwish`.`liste_proposition` (`IDLISTEOBJET`, `ACTIF`, `NOM`, `IDPARTICIPANT`)
VALUES ('1', true, 'Noel', '2');
INSERT INTO `greenwish`.`liste_proposition` (`IDLISTEOBJET`, `ACTIF`, `NOM`, `IDPARTICIPANT`)
VALUES ('2', true, 'Anniversaire', '2');
INSERT INTO `greenwish`.`liste_proposition` (`IDLISTEOBJET`, `ACTIF`, `NOM`, `IDPARTICIPANT`)
VALUES ('3', true, 'Fête', '2');
INSERT INTO `greenwish`.`liste_proposition` (`IDLISTEOBJET`, `ACTIF`, `NOM`, `IDPARTICIPANT`)
VALUES ('4', true, 'Mariage', '3');
INSERT INTO `greenwish`.`liste_proposition` (`IDLISTEOBJET`, `ACTIF`, `NOM`, `IDPARTICIPANT`)
VALUES ('5', true, 'Fête', '3');
INSERT INTO `greenwish`.`liste_proposition` (`IDLISTEOBJET`, `ACTIF`, `NOM`, `IDPARTICIPANT`)
VALUES ('6', true, 'Noel', '3');
INSERT INTO `greenwish`.`liste_proposition` (`IDLISTEOBJET`, `ACTIF`, `NOM`, `IDPARTICIPANT`)
VALUES ('7', true, 'Anniversaire', '4');
INSERT INTO `greenwish`.`liste_proposition` (`IDLISTEOBJET`, `ACTIF`, `NOM`, `IDPARTICIPANT`)
VALUES ('8', true, 'Noel', '4');
INSERT INTO `greenwish`.`liste_proposition` (`IDLISTEOBJET`, `ACTIF`, `NOM`, `IDPARTICIPANT`)
VALUES ('9', true, 'Noel', '5');
INSERT INTO `greenwish`.`liste_proposition` (`IDLISTEOBJET`, `ACTIF`, `NOM`, `IDPARTICIPANT`)
VALUES ('10', true, 'Noel', '6');
INSERT INTO `greenwish`.`liste_proposition` (`IDLISTEOBJET`, `ACTIF`, `NOM`, `IDPARTICIPANT`)
VALUES ('11', true, 'Liste Vide', '6');
INSERT INTO `greenwish`.`liste_proposition` (`IDLISTEOBJET`, `ACTIF`, `NOM`, `IDPARTICIPANT`)
VALUES ('12', true, 'Liste Admin', '1');


/*==============================================================*/
/* Domaine                                                      */
/*==============================================================*/

INSERT INTO `greenwish`.`domaine` (`DOMAINE`) VALUES ('Informatique');
INSERT INTO `greenwish`.`domaine` (`DOMAINE`) VALUES ('Téléphonie');
INSERT INTO `greenwish`.`domaine` (`DOMAINE`) VALUES ('Image et son');
INSERT INTO `greenwish`.`domaine` (`DOMAINE`) VALUES ('Photo, caméscopes');
INSERT INTO `greenwish`.`domaine` (`DOMAINE`) VALUES ('Musique');
INSERT INTO `greenwish`.`domaine` (`DOMAINE`) VALUES ('Cinéma');
INSERT INTO `greenwish`.`domaine` (`DOMAINE`) VALUES ('Consoles de jeux: ');
INSERT INTO `greenwish`.`domaine` (`DOMAINE`) VALUES ('Jeux vidéo');
INSERT INTO `greenwish`.`domaine` (`DOMAINE`) VALUES ('Monde des enfants');
INSERT INTO `greenwish`.`domaine` (`DOMAINE`) VALUES ('Lecture');
INSERT INTO `greenwish`.`domaine` (`DOMAINE`) VALUES ('Collections');
INSERT INTO `greenwish`.`domaine` (`DOMAINE`) VALUES ('Sport');
INSERT INTO `greenwish`.`domaine` (`DOMAINE`) VALUES ('Auto/Moto, accessoires ');
INSERT INTO `greenwish`.`domaine` (`DOMAINE`) VALUES ('Vêtements');
INSERT INTO `greenwish`.`domaine` (`DOMAINE`) VALUES ('Beauté, santé');
INSERT INTO `greenwish`.`domaine` (`DOMAINE`) VALUES ('Bagagerie');
INSERT INTO `greenwish`.`domaine` (`DOMAINE`) VALUES ('Aménagement intérieur');
INSERT INTO `greenwish`.`domaine` (`DOMAINE`) VALUES ('Électroménager');
INSERT INTO `greenwish`.`domaine` (`DOMAINE`) VALUES ('Jardin');
INSERT INTO `greenwish`.`domaine` (`DOMAINE`) VALUES ('Autres');


/*==============================================================*/
/* Catégorie                                                    */
/*==============================================================*/


INSERT INTO `greenwish`.`categorie` (`IDDOMAINE`, `INTITULE`) VALUES ('1','Ordinateurs Portables');
INSERT INTO `greenwish`.`categorie` (`IDDOMAINE`, `INTITULE`) VALUES ('1','Tablette ');
INSERT INTO `greenwish`.`categorie` (`IDDOMAINE`, `INTITULE`) VALUES ('1','Ordinateurs De Bureau ');
INSERT INTO `greenwish`.`categorie` (`IDDOMAINE`, `INTITULE`) VALUES ('1','Stockage et Périphériques');
INSERT INTO `greenwish`.`categorie` (`IDDOMAINE`, `INTITULE`) VALUES ('2','Téléphones');
INSERT INTO `greenwish`.`categorie` (`IDDOMAINE`, `INTITULE`) VALUES ('2','Tablettes, Liseuses');
INSERT INTO `greenwish`.`categorie` (`IDDOMAINE`, `INTITULE`) VALUES ('2','Accessoires Mobiles');
INSERT INTO `greenwish`.`categorie` (`IDDOMAINE`, `INTITULE`) VALUES ('3','Hifi-Son');
INSERT INTO `greenwish`.`categorie` (`IDDOMAINE`, `INTITULE`) VALUES ('3','Tv, Home Cinéma');
INSERT INTO `greenwish`.`categorie` (`IDDOMAINE`, `INTITULE`) VALUES ('3','Mp3, Casques');
INSERT INTO `greenwish`.`categorie` (`IDDOMAINE`, `INTITULE`) VALUES ('4','Reflex');
INSERT INTO `greenwish`.`categorie` (`IDDOMAINE`, `INTITULE`) VALUES ('4','Hybrides');
INSERT INTO `greenwish`.`categorie` (`IDDOMAINE`, `INTITULE`) VALUES ('4','Compact Et Bridge');
INSERT INTO `greenwish`.`categorie` (`IDDOMAINE`, `INTITULE`) VALUES ('4','Camescopes');
INSERT INTO `greenwish`.`categorie` (`IDDOMAINE`, `INTITULE`) VALUES ('4','Objectifs Photo');
INSERT INTO `greenwish`.`categorie` (`IDDOMAINE`, `INTITULE`) VALUES ('4','Accessoires Photo');
INSERT INTO `greenwish`.`categorie` (`IDDOMAINE`, `INTITULE`) VALUES ('5','CD');
INSERT INTO `greenwish`.`categorie` (`IDDOMAINE`, `INTITULE`) VALUES ('5','Instruments De Musique');
INSERT INTO `greenwish`.`categorie` (`IDDOMAINE`, `INTITULE`) VALUES ('6','DVD');
INSERT INTO `greenwish`.`categorie` (`IDDOMAINE`, `INTITULE`) VALUES ('6','Blu-ray');
INSERT INTO `greenwish`.`categorie` (`IDDOMAINE`, `INTITULE`) VALUES ('7','PlayStation');
INSERT INTO `greenwish`.`categorie` (`IDDOMAINE`, `INTITULE`) VALUES ('7','XBOX ');
INSERT INTO `greenwish`.`categorie` (`IDDOMAINE`, `INTITULE`) VALUES ('7','Nintendo');
INSERT INTO `greenwish`.`categorie` (`IDDOMAINE`, `INTITULE`) VALUES ('8','Console Switch ');
INSERT INTO `greenwish`.`categorie` (`IDDOMAINE`, `INTITULE`) VALUES ('8','Console Nintendo 3DS');
INSERT INTO `greenwish`.`categorie` (`IDDOMAINE`, `INTITULE`) VALUES ('8','Console Nintendo 3DS XL');
INSERT INTO `greenwish`.`categorie` (`IDDOMAINE`, `INTITULE`) VALUES ('8','Console Nintendo DS');
INSERT INTO `greenwish`.`categorie` (`IDDOMAINE`, `INTITULE`) VALUES ('8','Console Nintendo Wii u');
INSERT INTO `greenwish`.`categorie` (`IDDOMAINE`, `INTITULE`) VALUES ('9','Jeux, Jouets');
INSERT INTO `greenwish`.`categorie` (`IDDOMAINE`, `INTITULE`) VALUES ('10','Livres, Papeterie');
INSERT INTO `greenwish`.`categorie` (`IDDOMAINE`, `INTITULE`) VALUES ('11','Objets A Collectionner');
INSERT INTO `greenwish`.`categorie` (`IDDOMAINE`, `INTITULE`) VALUES ('11','Timbres Et Monnaie ');
INSERT INTO `greenwish`.`categorie` (`IDDOMAINE`, `INTITULE`) VALUES ('12','Matériel de sport');
INSERT INTO `greenwish`.`categorie` (`IDDOMAINE`, `INTITULE`) VALUES ('13','Equipement Auto');
INSERT INTO `greenwish`.`categorie` (`IDDOMAINE`, `INTITULE`) VALUES ('13','Entretien Auto Moto');
INSERT INTO `greenwish`.`categorie` (`IDDOMAINE`, `INTITULE`) VALUES ('13','Pneus, Pièces Auto');
INSERT INTO `greenwish`.`categorie` (`IDDOMAINE`, `INTITULE`) VALUES ('13','Univers 2 Roues ');
INSERT INTO `greenwish`.`categorie` (`IDDOMAINE`, `INTITULE`) VALUES ('14','Homme');
INSERT INTO `greenwish`.`categorie` (`IDDOMAINE`, `INTITULE`) VALUES ('14','Femme');
INSERT INTO `greenwish`.`categorie` (`IDDOMAINE`, `INTITULE`) VALUES ('15','Bijoux, Accessoires');
INSERT INTO `greenwish`.`categorie` (`IDDOMAINE`, `INTITULE`) VALUES ('15','Bien Etre ');
INSERT INTO `greenwish`.`categorie` (`IDDOMAINE`, `INTITULE`) VALUES ('15','Soins');
INSERT INTO `greenwish`.`categorie` (`IDDOMAINE`, `INTITULE`) VALUES ('16','Sacs');
INSERT INTO `greenwish`.`categorie` (`IDDOMAINE`, `INTITULE`) VALUES ('16','Valise');
INSERT INTO `greenwish`.`categorie` (`IDDOMAINE`, `INTITULE`) VALUES ('16','Petite Maroquinerie');
INSERT INTO `greenwish`.`categorie` (`IDDOMAINE`, `INTITULE`) VALUES ('16','Business');
INSERT INTO `greenwish`.`categorie` (`IDDOMAINE`, `INTITULE`) VALUES ('16','Accessoires');
INSERT INTO `greenwish`.`categorie` (`IDDOMAINE`, `INTITULE`) VALUES ('17','Meubles');
INSERT INTO `greenwish`.`categorie` (`IDDOMAINE`, `INTITULE`) VALUES ('17','Art Et Photo ');
INSERT INTO `greenwish`.`categorie` (`IDDOMAINE`, `INTITULE`) VALUES ('17','Bricolage');
INSERT INTO `greenwish`.`categorie` (`IDDOMAINE`, `INTITULE`) VALUES ('18','Gros Electroménager');
INSERT INTO `greenwish`.`categorie` (`IDDOMAINE`, `INTITULE`) VALUES ('18','Petit Electro, Cuisine');
INSERT INTO `greenwish`.`categorie` (`IDDOMAINE`, `INTITULE`) VALUES ('19','Mobilier De Jardin');
INSERT INTO `greenwish`.`categorie` (`IDDOMAINE`, `INTITULE`) VALUES ('19','Animalerie');
INSERT INTO `greenwish`.`categorie` (`IDDOMAINE`, `INTITULE`) VALUES ('20','Alimentation');
INSERT INTO `greenwish`.`categorie` (`IDDOMAINE`, `INTITULE`) VALUES ('8 ','autres');


/*==============================================================*/
/* SousCatégorie                                                */
/*==============================================================*/

INSERT INTO `greenwish`.`souscategorie` (`IDCATEGORIE`, `INTITULE`) VALUES ('1','PC Portable');
INSERT INTO `greenwish`.`souscategorie` (`IDCATEGORIE`, `INTITULE`) VALUES ('1','MacBook');
INSERT INTO `greenwish`.`souscategorie` (`IDCATEGORIE`, `INTITULE`) VALUES ('1','Accessoires Apple');
INSERT INTO `greenwish`.`souscategorie` (`IDCATEGORIE`, `INTITULE`) VALUES ('1','Logiciels');
INSERT INTO `greenwish`.`souscategorie` (`IDCATEGORIE`, `INTITULE`) VALUES ('2','iPad');
INSERT INTO `greenwish`.`souscategorie` (`IDCATEGORIE`, `INTITULE`) VALUES ('2','Samsung Galaxy');
INSERT INTO `greenwish`.`souscategorie` (`IDCATEGORIE`, `INTITULE`) VALUES ('3','PC tour');
INSERT INTO `greenwish`.`souscategorie` (`IDCATEGORIE`, `INTITULE`) VALUES ('3','PC tout en un');
INSERT INTO `greenwish`.`souscategorie` (`IDCATEGORIE`, `INTITULE`) VALUES ('3','iMac');
INSERT INTO `greenwish`.`souscategorie` (`IDCATEGORIE`, `INTITULE`) VALUES ('4','Disques durs externe');
INSERT INTO `greenwish`.`souscategorie` (`IDCATEGORIE`, `INTITULE`) VALUES ('4','Clés USB');
INSERT INTO `greenwish`.`souscategorie` (`IDCATEGORIE`, `INTITULE`) VALUES ('4','Cartes Mémoire');
INSERT INTO `greenwish`.`souscategorie` (`IDCATEGORIE`, `INTITULE`) VALUES ('4','Ecrans');
INSERT INTO `greenwish`.`souscategorie` (`IDCATEGORIE`, `INTITULE`) VALUES ('4','Imprimantes ');
INSERT INTO `greenwish`.`souscategorie` (`IDCATEGORIE`, `INTITULE`) VALUES ('4','Autres périphériques');
INSERT INTO `greenwish`.`souscategorie` (`IDCATEGORIE`, `INTITULE`) VALUES ('5','iPhone');
INSERT INTO `greenwish`.`souscategorie` (`IDCATEGORIE`, `INTITULE`) VALUES ('5','Samsung');
INSERT INTO `greenwish`.`souscategorie` (`IDCATEGORIE`, `INTITULE`) VALUES ('5','Sony');
INSERT INTO `greenwish`.`souscategorie` (`IDCATEGORIE`, `INTITULE`) VALUES ('5','Nokia');
INSERT INTO `greenwish`.`souscategorie` (`IDCATEGORIE`, `INTITULE`) VALUES ('5','LG');
INSERT INTO `greenwish`.`souscategorie` (`IDCATEGORIE`, `INTITULE`) VALUES ('5','Asus');
INSERT INTO `greenwish`.`souscategorie` (`IDCATEGORIE`, `INTITULE`) VALUES ('5','Motorola');
INSERT INTO `greenwish`.`souscategorie` (`IDCATEGORIE`, `INTITULE`) VALUES ('5','Smartphone Android');
INSERT INTO `greenwish`.`souscategorie` (`IDCATEGORIE`, `INTITULE`) VALUES ('5','Téléphones fixes');
INSERT INTO `greenwish`.`souscategorie` (`IDCATEGORIE`, `INTITULE`) VALUES ('6','iPad');
INSERT INTO `greenwish`.`souscategorie` (`IDCATEGORIE`, `INTITULE`) VALUES ('6','Accessoires iPad');
INSERT INTO `greenwish`.`souscategorie` (`IDCATEGORIE`, `INTITULE`) VALUES ('6','Tablettes Samsung');
INSERT INTO `greenwish`.`souscategorie` (`IDCATEGORIE`, `INTITULE`) VALUES ('6','Accessoires Samsung');
INSERT INTO `greenwish`.`souscategorie` (`IDCATEGORIE`, `INTITULE`) VALUES ('6','Accessoires');
INSERT INTO `greenwish`.`souscategorie` (`IDCATEGORIE`, `INTITULE`) VALUES ('6','Liseuses');
INSERT INTO `greenwish`.`souscategorie` (`IDCATEGORIE`, `INTITULE`) VALUES ('6','Accessoires, consommables');
INSERT INTO `greenwish`.`souscategorie` (`IDCATEGORIE`, `INTITULE`) VALUES ('6','Gadgets');
INSERT INTO `greenwish`.`souscategorie` (`IDCATEGORIE`, `INTITULE`) VALUES ('6','Applications, logiciels');
INSERT INTO `greenwish`.`souscategorie` (`IDCATEGORIE`, `INTITULE`) VALUES ('7','Etuis - Coques - Housses');
INSERT INTO `greenwish`.`souscategorie` (`IDCATEGORIE`, `INTITULE`) VALUES ('7','Pièces détachées');
INSERT INTO `greenwish`.`souscategorie` (`IDCATEGORIE`, `INTITULE`) VALUES ('7','Films de protection');
INSERT INTO `greenwish`.`souscategorie` (`IDCATEGORIE`, `INTITULE`) VALUES ('7','Chargeurs et connectique');
INSERT INTO `greenwish`.`souscategorie` (`IDCATEGORIE`, `INTITULE`) VALUES ('7','Kits piétons et automobiles');
INSERT INTO `greenwish`.`souscategorie` (`IDCATEGORIE`, `INTITULE`) VALUES ('7','Enceintes - Audio');
INSERT INTO `greenwish`.`souscategorie` (`IDCATEGORIE`, `INTITULE`) VALUES ('8','Chaînes Hi-Fi');
INSERT INTO `greenwish`.`souscategorie` (`IDCATEGORIE`, `INTITULE`) VALUES ('8','Enceintes');
INSERT INTO `greenwish`.`souscategorie` (`IDCATEGORIE`, `INTITULE`) VALUES ('8','Enceintes portables');
INSERT INTO `greenwish`.`souscategorie` (`IDCATEGORIE`, `INTITULE`) VALUES ('9','TV 4k Ultra HD');
INSERT INTO `greenwish`.`souscategorie` (`IDCATEGORIE`, `INTITULE`) VALUES ('9','TV OLED');
INSERT INTO `greenwish`.`souscategorie` (`IDCATEGORIE`, `INTITULE`) VALUES ('9','TV Samsung');
INSERT INTO `greenwish`.`souscategorie` (`IDCATEGORIE`, `INTITULE`) VALUES ('9','TV Philips');
INSERT INTO `greenwish`.`souscategorie` (`IDCATEGORIE`, `INTITULE`) VALUES ('9','TV Sony');
INSERT INTO `greenwish`.`souscategorie` (`IDCATEGORIE`, `INTITULE`) VALUES ('9','TV Panasonic');
INSERT INTO `greenwish`.`souscategorie` (`IDCATEGORIE`, `INTITULE`) VALUES ('9','TV incurvées');
INSERT INTO `greenwish`.`souscategorie` (`IDCATEGORIE`, `INTITULE`) VALUES ('9','Smart TV (connectées à Internet)');
INSERT INTO `greenwish`.`souscategorie` (`IDCATEGORIE`, `INTITULE`) VALUES ('9','Ecran grand format ');
INSERT INTO `greenwish`.`souscategorie` (`IDCATEGORIE`, `INTITULE`) VALUES ('9','Home cinéma');
INSERT INTO `greenwish`.`souscategorie` (`IDCATEGORIE`, `INTITULE`) VALUES ('10','Lecteurs MP3');
INSERT INTO `greenwish`.`souscategorie` (`IDCATEGORIE`, `INTITULE`) VALUES ('10','Casques');
INSERT INTO `greenwish`.`souscategorie` (`IDCATEGORIE`, `INTITULE`) VALUES ('11','Reflex Canon');
INSERT INTO `greenwish`.`souscategorie` (`IDCATEGORIE`, `INTITULE`) VALUES ('11','Reflex Nikon');
INSERT INTO `greenwish`.`souscategorie` (`IDCATEGORIE`, `INTITULE`) VALUES ('12','Hybrides Panasonic');
INSERT INTO `greenwish`.`souscategorie` (`IDCATEGORIE`, `INTITULE`) VALUES ('12','Hybrides Sony');
INSERT INTO `greenwish`.`souscategorie` (`IDCATEGORIE`, `INTITULE`) VALUES ('12','Hybrides Olympus');
INSERT INTO `greenwish`.`souscategorie` (`IDCATEGORIE`, `INTITULE`) VALUES ('13','Compacts');
INSERT INTO `greenwish`.`souscategorie` (`IDCATEGORIE`, `INTITULE`) VALUES ('13','Bridges');
INSERT INTO `greenwish`.`souscategorie` (`IDCATEGORIE`, `INTITULE`) VALUES ('13','Appareils avec zoom puissant');
INSERT INTO `greenwish`.`souscategorie` (`IDCATEGORIE`, `INTITULE`) VALUES ('13','Appareils experts');
INSERT INTO `greenwish`.`souscategorie` (`IDCATEGORIE`, `INTITULE`) VALUES ('13','Polaroïd');
INSERT INTO `greenwish`.`souscategorie` (`IDCATEGORIE`, `INTITULE`) VALUES ('14','Dashcam');
INSERT INTO `greenwish`.`souscategorie` (`IDCATEGORIE`, `INTITULE`) VALUES ('14','Camera sport');
INSERT INTO `greenwish`.`souscategorie` (`IDCATEGORIE`, `INTITULE`) VALUES ('14','Caméscope 4K');
INSERT INTO `greenwish`.`souscategorie` (`IDCATEGORIE`, `INTITULE`) VALUES ('15','Objectif Nikon');
INSERT INTO `greenwish`.`souscategorie` (`IDCATEGORIE`, `INTITULE`) VALUES ('15','Objectif Canon');
INSERT INTO `greenwish`.`souscategorie` (`IDCATEGORIE`, `INTITULE`) VALUES ('15','Objectif Sony');
INSERT INTO `greenwish`.`souscategorie` (`IDCATEGORIE`, `INTITULE`) VALUES ('15','Objectif Sony');
INSERT INTO `greenwish`.`souscategorie` (`IDCATEGORIE`, `INTITULE`) VALUES ('15','Objectif Olympus');
INSERT INTO `greenwish`.`souscategorie` (`IDCATEGORIE`, `INTITULE`) VALUES ('15','Autre Objectifs');
INSERT INTO `greenwish`.`souscategorie` (`IDCATEGORIE`, `INTITULE`) VALUES ('16','Sacoches');
INSERT INTO `greenwish`.`souscategorie` (`IDCATEGORIE`, `INTITULE`) VALUES ('16','Cartes mémoires');
INSERT INTO `greenwish`.`souscategorie` (`IDCATEGORIE`, `INTITULE`) VALUES ('16','Trépieds');
INSERT INTO `greenwish`.`souscategorie` (`IDCATEGORIE`, `INTITULE`) VALUES ('16','Filtres');
INSERT INTO `greenwish`.`souscategorie` (`IDCATEGORIE`, `INTITULE`) VALUES ('16','Protections');
INSERT INTO `greenwish`.`souscategorie` (`IDCATEGORIE`, `INTITULE`) VALUES ('17','Variété internationale');
INSERT INTO `greenwish`.`souscategorie` (`IDCATEGORIE`, `INTITULE`) VALUES ('17','Variété française');
INSERT INTO `greenwish`.`souscategorie` (`IDCATEGORIE`, `INTITULE`) VALUES ('17','Musique classique');
INSERT INTO `greenwish`.`souscategorie` (`IDCATEGORIE`, `INTITULE`) VALUES ('17','Jazz, blues');
INSERT INTO `greenwish`.`souscategorie` (`IDCATEGORIE`, `INTITULE`) VALUES ('17','Rock');
INSERT INTO `greenwish`.`souscategorie` (`IDCATEGORIE`, `INTITULE`) VALUES ('17','Hip-hop');
INSERT INTO `greenwish`.`souscategorie` (`IDCATEGORIE`, `INTITULE`) VALUES ('17','vinyles 33 tours');
INSERT INTO `greenwish`.`souscategorie` (`IDCATEGORIE`, `INTITULE`) VALUES ('17','vinyles 45 tours');
INSERT INTO `greenwish`.`souscategorie` (`IDCATEGORIE`, `INTITULE`) VALUES ('18','Guitares et basses');
INSERT INTO `greenwish`.`souscategorie` (`IDCATEGORIE`, `INTITULE`) VALUES ('18','Pianos et claviers');
INSERT INTO `greenwish`.`souscategorie` (`IDCATEGORIE`, `INTITULE`) VALUES ('18','batteries/percussions');
INSERT INTO `greenwish`.`souscategorie` (`IDCATEGORIE`, `INTITULE`) VALUES ('18','Instruments a vent');
INSERT INTO `greenwish`.`souscategorie` (`IDCATEGORIE`, `INTITULE`) VALUES ('18','Cordes frottées');
INSERT INTO `greenwish`.`souscategorie` (`IDCATEGORIE`, `INTITULE`) VALUES ('18','Accessoires');
INSERT INTO `greenwish`.`souscategorie` (`IDCATEGORIE`, `INTITULE`) VALUES ('18','Guitare électrique');
INSERT INTO `greenwish`.`souscategorie` (`IDCATEGORIE`, `INTITULE`) VALUES ('18','Guitare acoustique');
INSERT INTO `greenwish`.`souscategorie` (`IDCATEGORIE`, `INTITULE`) VALUES ('18','Basse');
INSERT INTO `greenwish`.`souscategorie` (`IDCATEGORIE`, `INTITULE`) VALUES ('18','Pianos');
INSERT INTO `greenwish`.`souscategorie` (`IDCATEGORIE`, `INTITULE`) VALUES ('18','Pianos numériques');
INSERT INTO `greenwish`.`souscategorie` (`IDCATEGORIE`, `INTITULE`) VALUES ('18','Clavier arrangeur');
INSERT INTO `greenwish`.`souscategorie` (`IDCATEGORIE`, `INTITULE`) VALUES ('18','Percussions');
INSERT INTO `greenwish`.`souscategorie` (`IDCATEGORIE`, `INTITULE`) VALUES ('18','Batterie acoustique');
INSERT INTO `greenwish`.`souscategorie` (`IDCATEGORIE`, `INTITULE`) VALUES ('18','Violon');
INSERT INTO `greenwish`.`souscategorie` (`IDCATEGORIE`, `INTITULE`) VALUES ('18','Table De Mixage');
INSERT INTO `greenwish`.`souscategorie` (`IDCATEGORIE`, `INTITULE`) VALUES ('19','Séries tv');
INSERT INTO `greenwish`.`souscategorie` (`IDCATEGORIE`, `INTITULE`) VALUES ('19','Dvd pour enfants');
INSERT INTO `greenwish`.`souscategorie` (`IDCATEGORIE`, `INTITULE`) VALUES ('19','Films d''action');
INSERT INTO `greenwish`.`souscategorie` (`IDCATEGORIE`, `INTITULE`) VALUES ('19','Comédies');
INSERT INTO `greenwish`.`souscategorie` (`IDCATEGORIE`, `INTITULE`) VALUES ('19','Science fiction');
INSERT INTO `greenwish`.`souscategorie` (`IDCATEGORIE`, `INTITULE`) VALUES ('19','Fantastique');
INSERT INTO `greenwish`.`souscategorie` (`IDCATEGORIE`, `INTITULE`) VALUES ('19','Policiers');
INSERT INTO `greenwish`.`souscategorie` (`IDCATEGORIE`, `INTITULE`) VALUES ('19','Aventures');
INSERT INTO `greenwish`.`souscategorie` (`IDCATEGORIE`, `INTITULE`) VALUES ('20','Films d''action');
INSERT INTO `greenwish`.`souscategorie` (`IDCATEGORIE`, `INTITULE`) VALUES ('20','Films de science-fiction');
INSERT INTO `greenwish`.`souscategorie` (`IDCATEGORIE`, `INTITULE`) VALUES ('20','Films fantastique');
INSERT INTO `greenwish`.`souscategorie` (`IDCATEGORIE`, `INTITULE`) VALUES ('20','Films d''aventure');
INSERT INTO `greenwish`.`souscategorie` (`IDCATEGORIE`, `INTITULE`) VALUES ('20','Comédies');
INSERT INTO `greenwish`.`souscategorie` (`IDCATEGORIE`, `INTITULE`) VALUES ('20','Films policiers');
INSERT INTO `greenwish`.`souscategorie` (`IDCATEGORIE`, `INTITULE`) VALUES ('20','Séries tv');
INSERT INTO `greenwish`.`souscategorie` (`IDCATEGORIE`, `INTITULE`) VALUES ('20','Nouveautés');
INSERT INTO `greenwish`.`souscategorie` (`IDCATEGORIE`, `INTITULE`) VALUES ('21','Console PS4');
INSERT INTO `greenwish`.`souscategorie` (`IDCATEGORIE`, `INTITULE`) VALUES ('21','Console PS3');
INSERT INTO `greenwish`.`souscategorie` (`IDCATEGORIE`, `INTITULE`) VALUES ('21','Console PS2');
INSERT INTO `greenwish`.`souscategorie` (`IDCATEGORIE`, `INTITULE`) VALUES ('21','Console PSOne');
INSERT INTO `greenwish`.`souscategorie` (`IDCATEGORIE`, `INTITULE`) VALUES ('22','Console Xbox One S');
INSERT INTO `greenwish`.`souscategorie` (`IDCATEGORIE`, `INTITULE`) VALUES ('22','Console Xbox One');
INSERT INTO `greenwish`.`souscategorie` (`IDCATEGORIE`, `INTITULE`) VALUES ('22','Console Xbox 360');
INSERT INTO `greenwish`.`souscategorie` (`IDCATEGORIE`, `INTITULE`) VALUES ('23','Console Switch');
INSERT INTO `greenwish`.`souscategorie` (`IDCATEGORIE`, `INTITULE`) VALUES ('23','Console Nintendo 3DS');
INSERT INTO `greenwish`.`souscategorie` (`IDCATEGORIE`, `INTITULE`) VALUES ('23','Console Nintendo 3DS XL');
INSERT INTO `greenwish`.`souscategorie` (`IDCATEGORIE`, `INTITULE`) VALUES ('23','Console Nintendo DS');
INSERT INTO `greenwish`.`souscategorie` (`IDCATEGORIE`, `INTITULE`) VALUES ('23','Console Nintendo Wii u');
INSERT INTO `greenwish`.`souscategorie` (`IDCATEGORIE`, `INTITULE`) VALUES ('24','Jeux vidéo PS4');
INSERT INTO `greenwish`.`souscategorie` (`IDCATEGORIE`, `INTITULE`) VALUES ('24','Jeux vidéo PS3');
INSERT INTO `greenwish`.`souscategorie` (`IDCATEGORIE`, `INTITULE`) VALUES ('24','Jeux vidéo PS2');
INSERT INTO `greenwish`.`souscategorie` (`IDCATEGORIE`, `INTITULE`) VALUES ('24','Jeux vidéo PSOne');
INSERT INTO `greenwish`.`souscategorie` (`IDCATEGORIE`, `INTITULE`) VALUES ('25','Jeux vidéo Xbox One S');
INSERT INTO `greenwish`.`souscategorie` (`IDCATEGORIE`, `INTITULE`) VALUES ('25','Jeux vidéo Xbox One');
INSERT INTO `greenwish`.`souscategorie` (`IDCATEGORIE`, `INTITULE`) VALUES ('25','Jeux vidéo Xbox 360');
INSERT INTO `greenwish`.`souscategorie` (`IDCATEGORIE`, `INTITULE`) VALUES ('26','Jeux vidéo Switch');
INSERT INTO `greenwish`.`souscategorie` (`IDCATEGORIE`, `INTITULE`) VALUES ('26','Jeux vidéo Nintendo 3DS');
INSERT INTO `greenwish`.`souscategorie` (`IDCATEGORIE`, `INTITULE`) VALUES ('26','Jeux vidéo Nintendo 3DS XL');
INSERT INTO `greenwish`.`souscategorie` (`IDCATEGORIE`, `INTITULE`) VALUES ('26','Jeux vidéo Nintendo DS');
INSERT INTO `greenwish`.`souscategorie` (`IDCATEGORIE`, `INTITULE`) VALUES ('26','Jeux vidéo Nintendo Wii u');
INSERT INTO `greenwish`.`souscategorie` (`IDCATEGORIE`, `INTITULE`) VALUES ('27','Jeux PC');
INSERT INTO `greenwish`.`souscategorie` (`IDCATEGORIE`, `INTITULE`) VALUES ('27','Cartes de jeux');
INSERT INTO `greenwish`.`souscategorie` (`IDCATEGORIE`, `INTITULE`) VALUES ('28','Manettes');
INSERT INTO `greenwish`.`souscategorie` (`IDCATEGORIE`, `INTITULE`) VALUES ('28','Casque micro');
INSERT INTO `greenwish`.`souscategorie` (`IDCATEGORIE`, `INTITULE`) VALUES ('28','Volants');
INSERT INTO `greenwish`.`souscategorie` (`IDCATEGORIE`, `INTITULE`) VALUES ('28','Alimentation');
INSERT INTO `greenwish`.`souscategorie` (`IDCATEGORIE`, `INTITULE`) VALUES ('28','Câbles');
INSERT INTO `greenwish`.`souscategorie` (`IDCATEGORIE`, `INTITULE`) VALUES ('28','Protections');
INSERT INTO `greenwish`.`souscategorie` (`IDCATEGORIE`, `INTITULE`) VALUES ('29','Eveil et jeux 1er âge');
INSERT INTO `greenwish`.`souscategorie` (`IDCATEGORIE`, `INTITULE`) VALUES ('29','Peluche');
INSERT INTO `greenwish`.`souscategorie` (`IDCATEGORIE`, `INTITULE`) VALUES ('29','Poupée, mini univers');
INSERT INTO `greenwish`.`souscategorie` (`IDCATEGORIE`, `INTITULE`) VALUES ('29','Jeu d''imitation, dinette');
INSERT INTO `greenwish`.`souscategorie` (`IDCATEGORIE`, `INTITULE`) VALUES ('29','Construction');
INSERT INTO `greenwish`.`souscategorie` (`IDCATEGORIE`, `INTITULE`) VALUES ('29','Véhicule');
INSERT INTO `greenwish`.`souscategorie` (`IDCATEGORIE`, `INTITULE`) VALUES ('29','Figurine, toupie, pistolet');
INSERT INTO `greenwish`.`souscategorie` (`IDCATEGORIE`, `INTITULE`) VALUES ('29','Figurine de collection');
INSERT INTO `greenwish`.`souscategorie` (`IDCATEGORIE`, `INTITULE`) VALUES ('29','Jeu de société');
INSERT INTO `greenwish`.`souscategorie` (`IDCATEGORIE`, `INTITULE`) VALUES ('29','Puzzle');
INSERT INTO `greenwish`.`souscategorie` (`IDCATEGORIE`, `INTITULE`) VALUES ('29','Activité artistique');
INSERT INTO `greenwish`.`souscategorie` (`IDCATEGORIE`, `INTITULE`) VALUES ('29','Jeux de plein air');
INSERT INTO `greenwish`.`souscategorie` (`IDCATEGORIE`, `INTITULE`) VALUES ('29','Billard, baby foot, ping-pong');
INSERT INTO `greenwish`.`souscategorie` (`IDCATEGORIE`, `INTITULE`) VALUES ('29','Playmobil');
INSERT INTO `greenwish`.`souscategorie` (`IDCATEGORIE`, `INTITULE`) VALUES ('29','Lego');
INSERT INTO `greenwish`.`souscategorie` (`IDCATEGORIE`, `INTITULE`) VALUES ('30','Bd');
INSERT INTO `greenwish`.`souscategorie` (`IDCATEGORIE`, `INTITULE`) VALUES ('30','Comics');
INSERT INTO `greenwish`.`souscategorie` (`IDCATEGORIE`, `INTITULE`) VALUES ('30','Manga');
INSERT INTO `greenwish`.`souscategorie` (`IDCATEGORIE`, `INTITULE`) VALUES ('30','Livres jeunesse');
INSERT INTO `greenwish`.`souscategorie` (`IDCATEGORIE`, `INTITULE`) VALUES ('30','Romans policiers');
INSERT INTO `greenwish`.`souscategorie` (`IDCATEGORIE`, `INTITULE`) VALUES ('30','Science fiction et terreur');
INSERT INTO `greenwish`.`souscategorie` (`IDCATEGORIE`, `INTITULE`) VALUES ('30','Romans sentimentaux');
INSERT INTO `greenwish`.`souscategorie` (`IDCATEGORIE`, `INTITULE`) VALUES ('30','Livres de poche');
INSERT INTO `greenwish`.`souscategorie` (`IDCATEGORIE`, `INTITULE`) VALUES ('30','Ebooks');
INSERT INTO `greenwish`.`souscategorie` (`IDCATEGORIE`, `INTITULE`) VALUES ('30','Récits de voyage');
INSERT INTO `greenwish`.`souscategorie` (`IDCATEGORIE`, `INTITULE`) VALUES ('30','Historique');
INSERT INTO `greenwish`.`souscategorie` (`IDCATEGORIE`, `INTITULE`) VALUES ('30','Littérature française');
INSERT INTO `greenwish`.`souscategorie` (`IDCATEGORIE`, `INTITULE`) VALUES ('30','Manuels scolaires');
INSERT INTO `greenwish`.`souscategorie` (`IDCATEGORIE`, `INTITULE`) VALUES ('30','Livres parascolaires');
INSERT INTO `greenwish`.`souscategorie` (`IDCATEGORIE`, `INTITULE`) VALUES ('30','Livres de droit');
INSERT INTO `greenwish`.`souscategorie` (`IDCATEGORIE`, `INTITULE`) VALUES ('30','Sante et bien-être');
INSERT INTO `greenwish`.`souscategorie` (`IDCATEGORIE`, `INTITULE`) VALUES ('30','Guides de voyage');
INSERT INTO `greenwish`.`souscategorie` (`IDCATEGORIE`, `INTITULE`) VALUES ('30','Pensée positive');
INSERT INTO `greenwish`.`souscategorie` (`IDCATEGORIE`, `INTITULE`) VALUES ('30','Yoga');
INSERT INTO `greenwish`.`souscategorie` (`IDCATEGORIE`, `INTITULE`) VALUES ('31','Numismatique');
INSERT INTO `greenwish`.`souscategorie` (`IDCATEGORIE`, `INTITULE`) VALUES ('31','Philatelie');
INSERT INTO `greenwish`.`souscategorie` (`IDCATEGORIE`, `INTITULE`) VALUES ('32','Figurines');
INSERT INTO `greenwish`.`souscategorie` (`IDCATEGORIE`, `INTITULE`) VALUES ('32','Cartes de jeux');
INSERT INTO `greenwish`.`souscategorie` (`IDCATEGORIE`, `INTITULE`) VALUES ('32','Pin''s ');
INSERT INTO `greenwish`.`souscategorie` (`IDCATEGORIE`, `INTITULE`) VALUES ('32','Telecartes ');
INSERT INTO `greenwish`.`souscategorie` (`IDCATEGORIE`, `INTITULE`) VALUES ('32','Feves');
INSERT INTO `greenwish`.`souscategorie` (`IDCATEGORIE`, `INTITULE`) VALUES ('32','Autographes ');
INSERT INTO `greenwish`.`souscategorie` (`IDCATEGORIE`, `INTITULE`) VALUES ('32','Autocollants');
INSERT INTO `greenwish`.`souscategorie` (`IDCATEGORIE`, `INTITULE`) VALUES ('32','Calendriers ');
INSERT INTO `greenwish`.`souscategorie` (`IDCATEGORIE`, `INTITULE`) VALUES ('33','Airsoft et paintball');
INSERT INTO `greenwish`.`souscategorie` (`IDCATEGORIE`, `INTITULE`) VALUES ('33','Musculation et fitness');
INSERT INTO `greenwish`.`souscategorie` (`IDCATEGORIE`, `INTITULE`) VALUES ('33','Vélo');
INSERT INTO `greenwish`.`souscategorie` (`IDCATEGORIE`, `INTITULE`) VALUES ('33','Hoverboard');
INSERT INTO `greenwish`.`souscategorie` (`IDCATEGORIE`, `INTITULE`) VALUES ('33','Running');
INSERT INTO `greenwish`.`souscategorie` (`IDCATEGORIE`, `INTITULE`) VALUES ('33','Sports collectifs');
INSERT INTO `greenwish`.`souscategorie` (`IDCATEGORIE`, `INTITULE`) VALUES ('33','Sports de combat');
INSERT INTO `greenwish`.`souscategorie` (`IDCATEGORIE`, `INTITULE`) VALUES ('34','Outil de diagnostic');
INSERT INTO `greenwish`.`souscategorie` (`IDCATEGORIE`, `INTITULE`) VALUES ('34','Coque de clé');
INSERT INTO `greenwish`.`souscategorie` (`IDCATEGORIE`, `INTITULE`) VALUES ('34','Ampoules ');
INSERT INTO `greenwish`.`souscategorie` (`IDCATEGORIE`, `INTITULE`) VALUES ('34','Tapis de sol ');
INSERT INTO `greenwish`.`souscategorie` (`IDCATEGORIE`, `INTITULE`) VALUES ('34','Kits mains-libres');
INSERT INTO `greenwish`.`souscategorie` (`IDCATEGORIE`, `INTITULE`) VALUES ('35','Huiles et additifs');
INSERT INTO `greenwish`.`souscategorie` (`IDCATEGORIE`, `INTITULE`) VALUES ('35','Entretien');
INSERT INTO `greenwish`.`souscategorie` (`IDCATEGORIE`, `INTITULE`) VALUES ('36','Pneus hiver');
INSERT INTO `greenwish`.`souscategorie` (`IDCATEGORIE`, `INTITULE`) VALUES ('36','Pneus été');
INSERT INTO `greenwish`.`souscategorie` (`IDCATEGORIE`, `INTITULE`) VALUES ('36','Pneus et accessoires');
INSERT INTO `greenwish`.`souscategorie` (`IDCATEGORIE`, `INTITULE`) VALUES ('36','Pare-choc');
INSERT INTO `greenwish`.`souscategorie` (`IDCATEGORIE`, `INTITULE`) VALUES ('37','Casques moto ');
INSERT INTO `greenwish`.`souscategorie` (`IDCATEGORIE`, `INTITULE`) VALUES ('37','Equipement du pilote ');
INSERT INTO `greenwish`.`souscategorie` (`IDCATEGORIE`, `INTITULE`) VALUES ('37','Accessoires 2 roues');
INSERT INTO `greenwish`.`souscategorie` (`IDCATEGORIE`, `INTITULE`) VALUES ('38','T-shirts');
INSERT INTO `greenwish`.`souscategorie` (`IDCATEGORIE`, `INTITULE`) VALUES ('38','Jeans');
INSERT INTO `greenwish`.`souscategorie` (`IDCATEGORIE`, `INTITULE`) VALUES ('38','Vestes et manteaux');
INSERT INTO `greenwish`.`souscategorie` (`IDCATEGORIE`, `INTITULE`) VALUES ('38','Pulls et sweats');
INSERT INTO `greenwish`.`souscategorie` (`IDCATEGORIE`, `INTITULE`) VALUES ('38','Boxers');
INSERT INTO `greenwish`.`souscategorie` (`IDCATEGORIE`, `INTITULE`) VALUES ('38','Chaussures');
INSERT INTO `greenwish`.`souscategorie` (`IDCATEGORIE`, `INTITULE`) VALUES ('38','Militaria');
INSERT INTO `greenwish`.`souscategorie` (`IDCATEGORIE`, `INTITULE`) VALUES ('39','Robes');
INSERT INTO `greenwish`.`souscategorie` (`IDCATEGORIE`, `INTITULE`) VALUES ('39','Lingerie');
INSERT INTO `greenwish`.`souscategorie` (`IDCATEGORIE`, `INTITULE`) VALUES ('39','Vestes et manteaux');
INSERT INTO `greenwish`.`souscategorie` (`IDCATEGORIE`, `INTITULE`) VALUES ('39','Jeans ');
INSERT INTO `greenwish`.`souscategorie` (`IDCATEGORIE`, `INTITULE`) VALUES ('39','Pulls et Gilets');
INSERT INTO `greenwish`.`souscategorie` (`IDCATEGORIE`, `INTITULE`) VALUES ('39','Chaussures');
INSERT INTO `greenwish`.`souscategorie` (`IDCATEGORIE`, `INTITULE`) VALUES ('39','Sportswear');
INSERT INTO `greenwish`.`souscategorie` (`IDCATEGORIE`, `INTITULE`) VALUES ('39','Militaria');
INSERT INTO `greenwish`.`souscategorie` (`IDCATEGORIE`, `INTITULE`) VALUES ('40','Bagues');
INSERT INTO `greenwish`.`souscategorie` (`IDCATEGORIE`, `INTITULE`) VALUES ('40','Bijoux');
INSERT INTO `greenwish`.`souscategorie` (`IDCATEGORIE`, `INTITULE`) VALUES ('40','Montres');
INSERT INTO `greenwish`.`souscategorie` (`IDCATEGORIE`, `INTITULE`) VALUES ('41','Epilateur');
INSERT INTO `greenwish`.`souscategorie` (`IDCATEGORIE`, `INTITULE`) VALUES ('41','Radiateur soufflant');
INSERT INTO `greenwish`.`souscategorie` (`IDCATEGORIE`, `INTITULE`) VALUES ('41','Pèse-personne');
INSERT INTO `greenwish`.`souscategorie` (`IDCATEGORIE`, `INTITULE`) VALUES ('41','Chauffage');
INSERT INTO `greenwish`.`souscategorie` (`IDCATEGORIE`, `INTITULE`) VALUES ('42','L''Oréal Professionnel');
INSERT INTO `greenwish`.`souscategorie` (`IDCATEGORIE`, `INTITULE`) VALUES ('42','Gemey Maybelline');
INSERT INTO `greenwish`.`souscategorie` (`IDCATEGORIE`, `INTITULE`) VALUES ('42','Maquillage');
INSERT INTO `greenwish`.`souscategorie` (`IDCATEGORIE`, `INTITULE`) VALUES ('42','Produits cheveux');
INSERT INTO `greenwish`.`souscategorie` (`IDCATEGORIE`, `INTITULE`) VALUES ('42','Compléments alimentaires');
INSERT INTO `greenwish`.`souscategorie` (`IDCATEGORIE`, `INTITULE`) VALUES ('43','Sac à main');
INSERT INTO `greenwish`.`souscategorie` (`IDCATEGORIE`, `INTITULE`) VALUES ('43','Sac à bandoulière');
INSERT INTO `greenwish`.`souscategorie` (`IDCATEGORIE`, `INTITULE`) VALUES ('43','Sac à dos');
INSERT INTO `greenwish`.`souscategorie` (`IDCATEGORIE`, `INTITULE`) VALUES ('43','Pochette');
INSERT INTO `greenwish`.`souscategorie` (`IDCATEGORIE`, `INTITULE`) VALUES ('43','Cabas');
INSERT INTO `greenwish`.`souscategorie` (`IDCATEGORIE`, `INTITULE`) VALUES ('43','Besace');
INSERT INTO `greenwish`.`souscategorie` (`IDCATEGORIE`, `INTITULE`) VALUES ('43','Sacoche');
INSERT INTO `greenwish`.`souscategorie` (`IDCATEGORIE`, `INTITULE`) VALUES ('44','Valise avec roulettes');
INSERT INTO `greenwish`.`souscategorie` (`IDCATEGORIE`, `INTITULE`) VALUES ('44','Valise cabine');
INSERT INTO `greenwish`.`souscategorie` (`IDCATEGORIE`, `INTITULE`) VALUES ('44','Taille M (60-69cm)');
INSERT INTO `greenwish`.`souscategorie` (`IDCATEGORIE`, `INTITULE`) VALUES ('44','Taille L (70 - 79cm)');
INSERT INTO `greenwish`.`souscategorie` (`IDCATEGORIE`, `INTITULE`) VALUES ('44','Taille XL (> 80 cm)');
INSERT INTO `greenwish`.`souscategorie` (`IDCATEGORIE`, `INTITULE`) VALUES ('44','Coque rigide');
INSERT INTO `greenwish`.`souscategorie` (`IDCATEGORIE`, `INTITULE`) VALUES ('44','Coque souple');
INSERT INTO `greenwish`.`souscategorie` (`IDCATEGORIE`, `INTITULE`) VALUES ('45','Portefeuille');
INSERT INTO `greenwish`.`souscategorie` (`IDCATEGORIE`, `INTITULE`) VALUES ('45','Porte-monnaie');
INSERT INTO `greenwish`.`souscategorie` (`IDCATEGORIE`, `INTITULE`) VALUES ('45','Porte-chéquiers');
INSERT INTO `greenwish`.`souscategorie` (`IDCATEGORIE`, `INTITULE`) VALUES ('45','Porte cartes de crédit');
INSERT INTO `greenwish`.`souscategorie` (`IDCATEGORIE`, `INTITULE`) VALUES ('46','Cartable');
INSERT INTO `greenwish`.`souscategorie` (`IDCATEGORIE`, `INTITULE`) VALUES ('46','Serviette');
INSERT INTO `greenwish`.`souscategorie` (`IDCATEGORIE`, `INTITULE`) VALUES ('46','Malette');
INSERT INTO `greenwish`.`souscategorie` (`IDCATEGORIE`, `INTITULE`) VALUES ('46','Agenda');
INSERT INTO `greenwish`.`souscategorie` (`IDCATEGORIE`, `INTITULE`) VALUES ('46','Attaché-case');
INSERT INTO `greenwish`.`souscategorie` (`IDCATEGORIE`, `INTITULE`) VALUES ('46','Porte cartes de visite');
INSERT INTO `greenwish`.`souscategorie` (`IDCATEGORIE`, `INTITULE`) VALUES ('47','Trousse à maquillage');
INSERT INTO `greenwish`.`souscategorie` (`IDCATEGORIE`, `INTITULE`) VALUES ('47','Banane');
INSERT INTO `greenwish`.`souscategorie` (`IDCATEGORIE`, `INTITULE`) VALUES ('47','Porte-clés');
INSERT INTO `greenwish`.`souscategorie` (`IDCATEGORIE`, `INTITULE`) VALUES ('47','Accroche sac');
INSERT INTO `greenwish`.`souscategorie` (`IDCATEGORIE`, `INTITULE`) VALUES ('47','Bourse');
INSERT INTO `greenwish`.`souscategorie` (`IDCATEGORIE`, `INTITULE`) VALUES ('47','Cadenas');
INSERT INTO `greenwish`.`souscategorie` (`IDCATEGORIE`, `INTITULE`) VALUES ('48','Canapés');
INSERT INTO `greenwish`.`souscategorie` (`IDCATEGORIE`, `INTITULE`) VALUES ('48','Lits');
INSERT INTO `greenwish`.`souscategorie` (`IDCATEGORIE`, `INTITULE`) VALUES ('48','Matelas');
INSERT INTO `greenwish`.`souscategorie` (`IDCATEGORIE`, `INTITULE`) VALUES ('48','Linge de maison');
INSERT INTO `greenwish`.`souscategorie` (`IDCATEGORIE`, `INTITULE`) VALUES ('48','Déco');
INSERT INTO `greenwish`.`souscategorie` (`IDCATEGORIE`, `INTITULE`) VALUES ('48','Luminaires');
INSERT INTO `greenwish`.`souscategorie` (`IDCATEGORIE`, `INTITULE`) VALUES ('49','Gravures');
INSERT INTO `greenwish`.`souscategorie` (`IDCATEGORIE`, `INTITULE`) VALUES ('49','Lithographies');
INSERT INTO `greenwish`.`souscategorie` (`IDCATEGORIE`, `INTITULE`) VALUES ('49','Tableaux, peinture');
INSERT INTO `greenwish`.`souscategorie` (`IDCATEGORIE`, `INTITULE`) VALUES ('49','Estampes');
INSERT INTO `greenwish`.`souscategorie` (`IDCATEGORIE`, `INTITULE`) VALUES ('49','Affiches, posters');
INSERT INTO `greenwish`.`souscategorie` (`IDCATEGORIE`, `INTITULE`) VALUES ('49','Photographies');
INSERT INTO `greenwish`.`souscategorie` (`IDCATEGORIE`, `INTITULE`) VALUES ('50','Outillage électroportatif');
INSERT INTO `greenwish`.`souscategorie` (`IDCATEGORIE`, `INTITULE`) VALUES ('50','Sécurité et maison connectée');
INSERT INTO `greenwish`.`souscategorie` (`IDCATEGORIE`, `INTITULE`) VALUES ('50','Alarme');
INSERT INTO `greenwish`.`souscategorie` (`IDCATEGORIE`, `INTITULE`) VALUES ('50','Domotique');
INSERT INTO `greenwish`.`souscategorie` (`IDCATEGORIE`, `INTITULE`) VALUES ('50','Electricité');
INSERT INTO `greenwish`.`souscategorie` (`IDCATEGORIE`, `INTITULE`) VALUES ('51','Réfrigérateurs ');
INSERT INTO `greenwish`.`souscategorie` (`IDCATEGORIE`, `INTITULE`) VALUES ('51','Four');
INSERT INTO `greenwish`.`souscategorie` (`IDCATEGORIE`, `INTITULE`) VALUES ('51','Plaque de cuisson');
INSERT INTO `greenwish`.`souscategorie` (`IDCATEGORIE`, `INTITULE`) VALUES ('51','Lave-vaisselle');
INSERT INTO `greenwish`.`souscategorie` (`IDCATEGORIE`, `INTITULE`) VALUES ('51','Aspirateur');
INSERT INTO `greenwish`.`souscategorie` (`IDCATEGORIE`, `INTITULE`) VALUES ('51','Centrale vapeur');
INSERT INTO `greenwish`.`souscategorie` (`IDCATEGORIE`, `INTITULE`) VALUES ('51','Lavage et Séchage ');
INSERT INTO `greenwish`.`souscategorie` (`IDCATEGORIE`, `INTITULE`) VALUES ('51','Accessoires');
INSERT INTO `greenwish`.`souscategorie` (`IDCATEGORIE`, `INTITULE`) VALUES ('52','Robot');
INSERT INTO `greenwish`.`souscategorie` (`IDCATEGORIE`, `INTITULE`) VALUES ('52','Mixeur');
INSERT INTO `greenwish`.`souscategorie` (`IDCATEGORIE`, `INTITULE`) VALUES ('52','Cafetière');
INSERT INTO `greenwish`.`souscategorie` (`IDCATEGORIE`, `INTITULE`) VALUES ('52','Friteuse');
INSERT INTO `greenwish`.`souscategorie` (`IDCATEGORIE`, `INTITULE`) VALUES ('52','Gaufrier');
INSERT INTO `greenwish`.`souscategorie` (`IDCATEGORIE`, `INTITULE`) VALUES ('52','Appareil à raclette');
INSERT INTO `greenwish`.`souscategorie` (`IDCATEGORIE`, `INTITULE`) VALUES ('52','Grill');
INSERT INTO `greenwish`.`souscategorie` (`IDCATEGORIE`, `INTITULE`) VALUES ('52','Plancha');
INSERT INTO `greenwish`.`souscategorie` (`IDCATEGORIE`, `INTITULE`) VALUES ('52','Grille-pain');
INSERT INTO `greenwish`.`souscategorie` (`IDCATEGORIE`, `INTITULE`) VALUES ('52','Crêpière');
INSERT INTO `greenwish`.`souscategorie` (`IDCATEGORIE`, `INTITULE`) VALUES ('52','Sorbetière');
INSERT INTO `greenwish`.`souscategorie` (`IDCATEGORIE`, `INTITULE`) VALUES ('52','Machine à pain');
INSERT INTO `greenwish`.`souscategorie` (`IDCATEGORIE`, `INTITULE`) VALUES ('52','Balance de cuisine');
INSERT INTO `greenwish`.`souscategorie` (`IDCATEGORIE`, `INTITULE`) VALUES ('52','Machine à soda');
INSERT INTO `greenwish`.`souscategorie` (`IDCATEGORIE`, `INTITULE`) VALUES ('52','Micro-ondes');
INSERT INTO `greenwish`.`souscategorie` (`IDCATEGORIE`, `INTITULE`) VALUES ('53','Serre de jardin');
INSERT INTO `greenwish`.`souscategorie` (`IDCATEGORIE`, `INTITULE`) VALUES ('53','Coffre de jardin');
INSERT INTO `greenwish`.`souscategorie` (`IDCATEGORIE`, `INTITULE`) VALUES ('53','Abri de Jardin');
INSERT INTO `greenwish`.`souscategorie` (`IDCATEGORIE`, `INTITULE`) VALUES ('54','Jouets pour animaux');
INSERT INTO `greenwish`.`souscategorie` (`IDCATEGORIE`, `INTITULE`) VALUES ('54','Niche et panier');
INSERT INTO `greenwish`.`souscategorie` (`IDCATEGORIE`, `INTITULE`) VALUES ('55','Epicerie');
INSERT INTO `greenwish`.`souscategorie` (`IDCATEGORIE`, `INTITULE`) VALUES ('55','Alcools');
INSERT INTO `greenwish`.`souscategorie` (`IDCATEGORIE`, `INTITULE`) VALUES ('56','Jeux PC');


/*==============================================================*/
/* Tranche Age                                                  */
/*==============================================================*/


INSERT INTO `greenwish`.`tranche_age` (`IDAGE`, `AGE_MAXI`, `AGE_MINI`) VALUES ('1','0', '2');
INSERT INTO `greenwish`.`tranche_age` (`IDAGE`, `AGE_MAXI`, `AGE_MINI`) VALUES ('2','2', '8');
INSERT INTO `greenwish`.`tranche_age` (`IDAGE`, `AGE_MAXI`, `AGE_MINI`) VALUES ('3','8', '16');
INSERT INTO `greenwish`.`tranche_age` (`IDAGE`, `AGE_MAXI`, `AGE_MINI`) VALUES ('4','16', '99');


/*==============================================================*/
/* Valeur                                                  */
/*==============================================================*/


INSERT INTO `greenwish`.`valeur` (`IDVALEUR`, `VALEUR`) VALUES ('1','1');
INSERT INTO `greenwish`.`valeur` (`IDVALEUR`, `VALEUR`) VALUES ('2','2');
INSERT INTO `greenwish`.`valeur` (`IDVALEUR`, `VALEUR`) VALUES ('3','3');
INSERT INTO `greenwish`.`valeur` (`IDVALEUR`, `VALEUR`) VALUES ('4','4');
INSERT INTO `greenwish`.`valeur` (`IDVALEUR`, `VALEUR`) VALUES ('5','5');
INSERT INTO `greenwish`.`valeur` (`IDVALEUR`, `VALEUR`) VALUES ('6','6');
INSERT INTO `greenwish`.`valeur` (`IDVALEUR`, `VALEUR`) VALUES ('7','7');
INSERT INTO `greenwish`.`valeur` (`IDVALEUR`, `VALEUR`) VALUES ('8','8');
INSERT INTO `greenwish`.`valeur` (`IDVALEUR`, `VALEUR`) VALUES ('9','9');
INSERT INTO `greenwish`.`valeur` (`IDVALEUR`, `VALEUR`) VALUES ('10','10');



/*==============================================================*/
/* Objet                                                        */
/*==============================================================*/


INSERT INTO `greenwish`.`objet` (`IDOBJET`, `ACTIF`, `DATEAJOUT`, `DATEGARANTIE`, `DATESUPPRESSION`, `DESCRIPTION`, `INTITULE`, `IDDOMAINE`, `IDCATEGORIE`, `IDSOUSCATEGORIE`, `IDLISTEOBJET`, `IDAGE`, `IDVALEUR`)
VALUES ('1', true, '2017-04-12', null, null, 'Un robot très ludique et amusant qui offre en outre de multiples possibilités d''apprentissage dans tous les domaines.', 'Bebo le Robot', '9', '29', '157', '1', '1', '5');
INSERT INTO `greenwish`.`objet` (`IDOBJET`, `ACTIF`, `DATEAJOUT`, `DATEGARANTIE`, `DATESUPPRESSION`, `DESCRIPTION`, `INTITULE`, `IDDOMAINE`, `IDCATEGORIE`, `IDSOUSCATEGORIE`, `IDLISTEOBJET`, `IDAGE`, `IDVALEUR`)
VALUES ('2', true, '2016-12-01', null, null, 'Les poneys dans leur enclos sont impatients de galoper avec les enfants. Après la balade, il faudra récupérer la nourriture, les accessoires de toilettage qui sont dans la grange et les boxes.', 'Poney club', '9', '29', '164', '1', '2', '4');

INSERT INTO `greenwish`.`objet` (`IDOBJET`, `ACTIF`, `DATEAJOUT`, `DATEGARANTIE`, `DATESUPPRESSION`, `DESCRIPTION`, `INTITULE`, `IDDOMAINE`, `IDCATEGORIE`, `IDSOUSCATEGORIE`, `IDLISTEOBJET`, `IDAGE`, `IDVALEUR`)
VALUES ('3', true, '2017-01-05', null, null, 'Le microvaisseau Imperial Shuttle de Krennic est un vaisseau redoutable ! Fais asseoir le pilote de l’Imperial Shuttle sur son siège, arme les missiles, déplie les ailes et prépare-toi à parcourir la galaxie !', 'MICROVAISSEAU IMPERIAL SHUTTLE™', '9', '29', '165', '5', '2', '3');
INSERT INTO `greenwish`.`objet` (`IDOBJET`, `ACTIF`, `DATEAJOUT`, `DATEGARANTIE`, `DATESUPPRESSION`, `DESCRIPTION`, `INTITULE`, `IDDOMAINE`, `IDCATEGORIE`, `IDSOUSCATEGORIE`, `IDLISTEOBJET`, `IDAGE`, `IDVALEUR`)
VALUES ('4', true, '2017-02-25', null, null, 'Quand un vaisseau de transport robuste est nécessaire, Krennic''s Imperial Shuttle est le choix idéal. Soulève les patins d''atterrissage, abaisse les ailes pour le mode vol, et pars pour une autre mission dangereuse !', 'KRENNIC''S IMPERIAL SHUTTLE', '9', '29', '165', '1', '2', '7');
INSERT INTO `greenwish`.`objet` (`IDOBJET`, `ACTIF`, `DATEAJOUT`, `DATEGARANTIE`, `DATESUPPRESSION`, `DESCRIPTION`, `INTITULE`, `IDDOMAINE`, `IDCATEGORIE`, `IDSOUSCATEGORIE`, `IDLISTEOBJET`, `IDAGE`, `IDVALEUR`)
VALUES ('5', true, '2017-02-15', null, null, 'N''ESSAIE PAS. FAIS-LE... OU NE LE FAIS PAS. IL N''Y A PAS D''ESSAI. Le Tie Fighter de la série de collection suprême est le complément idéal de ta collection Star Wars !', 'TIE FIGHTER', '9', '29', '165', '5', '2', '9');
INSERT INTO `greenwish`.`objet` (`IDOBJET`, `ACTIF`, `DATEAJOUT`, `DATEGARANTIE`, `DATESUPPRESSION`, `DESCRIPTION`, `INTITULE`, `IDDOMAINE`, `IDCATEGORIE`, `IDSOUSCATEGORIE`, `IDLISTEOBJET`, `IDAGE`, `IDVALEUR`)
VALUES ('6', true, '2016-12-15', null, null, 'Avant de découvrir l''Épisode VII, redécouvrez la saga complète Star Wars avec ce nouveau coffret de l''Intégrale.', 'Star Wars L''intégrale', '6', '19', '107', '2', '3', '6');
INSERT INTO `greenwish`.`objet` (`IDOBJET`, `ACTIF`, `DATEAJOUT`, `DATEGARANTIE`, `DATESUPPRESSION`, `DESCRIPTION`, `INTITULE`, `IDDOMAINE`, `IDCATEGORIE`, `IDSOUSCATEGORIE`, `IDLISTEOBJET`, `IDAGE`, `IDVALEUR`)
VALUES ('7', true, '2016-09-04', null, null, 'Une aire de jeux féerique pour s''amuser dans l''eau!', 'Aire de jeux Royaume des sirènes', '9', '29', '162', '7', '1', '2');
INSERT INTO `greenwish`.`objet` (`IDOBJET`, `ACTIF`, `DATEAJOUT`, `DATEGARANTIE`, `DATESUPPRESSION`, `DESCRIPTION`, `INTITULE`, `IDDOMAINE`, `IDCATEGORIE`, `IDSOUSCATEGORIE`, `IDLISTEOBJET`, `IDAGE`, `IDVALEUR`)
VALUES ('8', true, '2017-03-16', null, null, 'Avec Lumi ordi des tout-petits de Vtech, Bébé découvre les ordinateurs et deviendra un SUPER DEVELOPPEUR !!! Youpi', 'Lumi ordi des tout-petits', '1', '3', '8', '3', '1', '1');
INSERT INTO `greenwish`.`objet` (`IDOBJET`, `ACTIF`, `DATEAJOUT`, `DATEGARANTIE`, `DATESUPPRESSION`, `DESCRIPTION`, `INTITULE`, `IDDOMAINE`, `IDCATEGORIE`, `IDSOUSCATEGORIE`, `IDLISTEOBJET`, `IDAGE`, `IDVALEUR`)
VALUES ('9', true, '2017-03-16', null, null, 'Cette boite est une version spéciale du jeu de société Monopoly classique, inspirée de l''univers de Star Wars vous devrez contrôler la Force et la Galaxie pour gagner.', 'Monopoly Star Wars', '9', '29', '159', '4', '3', '2');



/*==============================================================*/
/* Actualité                                                    */
/*==============================================================*/

INSERT INTO `greenwish`.`image` (`IMAGE`, `IDOBJET`) VALUES ('resources/img/imgObjetsMaxi/Bebo1.jpg', '1');
INSERT INTO `greenwish`.`image` (`IMAGE`, `IDOBJET`) VALUES ('resources/img/imgObjetsMaxi/Bebo2.jpg', '1');
INSERT INTO `greenwish`.`image` (`IMAGE`, `IDOBJET`) VALUES ('resources/img/imgObjetsMaxi/PoneyClub1.jpg', '2');
INSERT INTO `greenwish`.`image` (`IMAGE`, `IDOBJET`) VALUES ('resources/img/imgObjetsMaxi/PoneyClub2.jpg', '2');
INSERT INTO `greenwish`.`image` (`IMAGE`, `IDOBJET`) VALUES ('resources/img/imgObjetsMaxi/PoneyClub3.jpg', '2');
INSERT INTO `greenwish`.`image` (`IMAGE`, `IDOBJET`) VALUES ('resources/img/imgObjetsMaxi/LegoPetit1.jpg', '3');
INSERT INTO `greenwish`.`image` (`IMAGE`, `IDOBJET`) VALUES ('resources/img/imgObjetsMaxi/LegoPetit2.png', '3');
INSERT INTO `greenwish`.`image` (`IMAGE`, `IDOBJET`) VALUES ('resources/img/imgObjetsMaxi/LegoPetit3.jpg', '3');
INSERT INTO `greenwish`.`image` (`IMAGE`, `IDOBJET`) VALUES ('resources/img/imgObjetsMaxi/LegoPetit4.jpg', '3');
INSERT INTO `greenwish`.`image` (`IMAGE`, `IDOBJET`) VALUES ('resources/img/imgObjetsMaxi/LegoPetit5.jpg', '3');
INSERT INTO `greenwish`.`image` (`IMAGE`, `IDOBJET`) VALUES ('resources/img/imgObjetsMaxi/LegoGrand1.jpg', '4');
INSERT INTO `greenwish`.`image` (`IMAGE`, `IDOBJET`) VALUES ('resources/img/imgObjetsMaxi/LegoGrand2.png', '4');
INSERT INTO `greenwish`.`image` (`IMAGE`, `IDOBJET`) VALUES ('resources/img/imgObjetsMaxi/LegoGrand3.jpg', '4');
INSERT INTO `greenwish`.`image` (`IMAGE`, `IDOBJET`) VALUES ('resources/img/imgObjetsMaxi/LegoGrand4.jpg', '4');
INSERT INTO `greenwish`.`image` (`IMAGE`, `IDOBJET`) VALUES ('resources/img/imgObjetsMaxi/LegoGrand5.jpg', '4');
INSERT INTO `greenwish`.`image` (`IMAGE`, `IDOBJET`) VALUES ('resources/img/imgObjetsMaxi/LegoGrand6.jpg', '4');
INSERT INTO `greenwish`.`image` (`IMAGE`, `IDOBJET`) VALUES ('resources/img/imgObjetsMaxi/LegoGrand7.jpg', '4');
INSERT INTO `greenwish`.`image` (`IMAGE`, `IDOBJET`) VALUES ('resources/img/imgObjetsMaxi/LegoGrand8.jpg', '4');
INSERT INTO `greenwish`.`image` (`IMAGE`, `IDOBJET`) VALUES ('resources/img/imgObjetsMaxi/Vaisseau1.jpg', '5');
INSERT INTO `greenwish`.`image` (`IMAGE`, `IDOBJET`) VALUES ('resources/img/imgObjetsMaxi/Vaisseau2.png', '5');
INSERT INTO `greenwish`.`image` (`IMAGE`, `IDOBJET`) VALUES ('resources/img/imgObjetsMaxi/Vaisseau3.jpg', '5');
INSERT INTO `greenwish`.`image` (`IMAGE`, `IDOBJET`) VALUES ('resources/img/imgObjetsMaxi/Vaisseau4.jpg', '5');
INSERT INTO `greenwish`.`image` (`IMAGE`, `IDOBJET`) VALUES ('resources/img/imgObjetsMaxi/Vaisseau5.jpg', '5');
INSERT INTO `greenwish`.`image` (`IMAGE`, `IDOBJET`) VALUES ('resources/img/imgObjetsMaxi/Vaisseau6.jpg', '5');
INSERT INTO `greenwish`.`image` (`IMAGE`, `IDOBJET`) VALUES ('resources/img/imgObjetsMaxi/Vaisseau7.jpg', '5');
INSERT INTO `greenwish`.`image` (`IMAGE`, `IDOBJET`) VALUES ('resources/img/imgObjetsMaxi/Film1.jpg', '6');
INSERT INTO `greenwish`.`image` (`IMAGE`, `IDOBJET`) VALUES ('resources/img/imgObjetsMaxi/Piscine1.jpg', '7');
INSERT INTO `greenwish`.`image` (`IMAGE`, `IDOBJET`) VALUES ('resources/img/imgObjetsMaxi/Ordi1.jpg', '8');
INSERT INTO `greenwish`.`image` (`IMAGE`, `IDOBJET`) VALUES ('resources/img/imgObjetsMaxi/Ordi2.jpg', '8');
INSERT INTO `greenwish`.`image` (`IMAGE`, `IDOBJET`) VALUES ('resources/img/imgObjetsMaxi/Ordi3.jpg', '8');
INSERT INTO `greenwish`.`image` (`IMAGE`, `IDOBJET`) VALUES ('resources/img/imgObjetsMaxi/Ordi4.jpg', '8');
INSERT INTO `greenwish`.`image` (`IMAGE`, `IDOBJET`) VALUES ('resources/img/imgObjetsMaxi/Monopoly1.jpg', '9');
INSERT INTO `greenwish`.`image` (`IMAGE`, `IDOBJET`) VALUES ('resources/img/imgObjetsMaxi/Monopoly2.jpg', '9');
INSERT INTO `greenwish`.`image` (`IMAGE`, `IDOBJET`) VALUES ('resources/img/imgObjetsMaxi/Monopoly3.jpg', '9');
INSERT INTO `greenwish`.`image` (`IMAGE`, `IDOBJET`) VALUES ('resources/img/imgObjetsMaxi/Monopoly4.jpg', '9');



/*==============================================================*/
/* Actualité                                                    */
/*==============================================================*/





/*==============================================================*/
/* Avis                                                         */
/*==============================================================*/








/*==============================================================*/
/* Disponibilité                                                */
/*==============================================================*/


INSERT INTO `greenwish`.`disponibilite` (`IDDISPO`, `IDPARTICIPANT`)
VALUES ('1', '1');
INSERT INTO `greenwish`.`disponibilite` (`IDDISPO`, `IDPARTICIPANT`)
VALUES ('2', '2');
INSERT INTO `greenwish`.`disponibilite` (`IDDISPO`, `IDPARTICIPANT`)
VALUES ('3', '3');
INSERT INTO `greenwish`.`disponibilite` (`IDDISPO`, `IDPARTICIPANT`)
VALUES ('4', '4');
INSERT INTO `greenwish`.`disponibilite` (`IDDISPO`, `IDPARTICIPANT`)
VALUES ('5', '5');
INSERT INTO `greenwish`.`disponibilite` (`IDDISPO`, `IDPARTICIPANT`)
VALUES ('6', '6');






